{"cameraMode":{"drawMode":0,"name":"Shaded","section":"Shading Mode"},"sceneLighting":false,"audioPlay":false,"sceneViewState":{"showFog":true,"showMaterialUpdate":false,"showSkybox":true,"showFlares":true,"showImageEffects":true,"showParticleSystems":true},"in2DMode":false,"pivot":{"x":1037.5321044921875,"y":358.697509765625,"z":2352.69677734375},"rotation":{"x":0.06990375369787216,"y":0.9194952249526978,"z":-0.1910983771085739,"w":0.33637329936027529},"size":469.50933837890627,"orthographic":false}