{"cameraMode":{"drawMode":0,"name":"Shaded","section":"Shading Mode"},"sceneLighting":false,"audioPlay":false,"sceneViewState":{"showFog":true,"showMaterialUpdate":false,"showSkybox":false,"showFlares":true,"showImageEffects":true,"showParticleSystems":true},"in2DMode":false,"pivot":{"x":416.3446044921875,"y":104.01654052734375,"z":-274.858642578125},"rotation":{"x":-0.13959312438964845,"y":0.8599309921264648,"z":-0.33137041330337527,"w":-0.36225539445877077},"size":121.07466125488281,"orthographic":false}