{"cameraMode":{"drawMode":0,"name":"Shaded","section":"Shading Mode"},"sceneLighting":false,"audioPlay":false,"sceneViewState":{"showFog":true,"showMaterialUpdate":false,"showSkybox":true,"showFlares":true,"showImageEffects":true,"showParticleSystems":true},"in2DMode":false,"pivot":{"x":718.5516357421875,"y":114.4200439453125,"z":2427.721435546875},"rotation":{"x":0.06990375369787216,"y":0.9194952249526978,"z":-0.1910983771085739,"w":0.33637329936027529},"size":217.95767211914063,"orthographic":false}