{"cameraMode":{"drawMode":0,"name":"Shaded","section":"Shading Mode"},"sceneLighting":false,"audioPlay":false,"sceneViewState":{"showFog":true,"showMaterialUpdate":false,"showSkybox":true,"showFlares":true,"showImageEffects":true,"showParticleSystems":true},"in2DMode":false,"pivot":{"x":1040.30078125,"y":-14.5401611328125,"z":1454.416748046875},"rotation":{"x":0.4464913606643677,"y":0.23185625672340394,"z":-0.12098062038421631,"w":0.8557287454605103},"size":1245.961669921875,"orthographic":false}