{"cameraMode":{"drawMode":0,"name":"Shaded","section":"Shading Mode"},"sceneLighting":false,"audioPlay":false,"sceneViewState":{"showFog":true,"showMaterialUpdate":false,"showSkybox":true,"showFlares":true,"showImageEffects":true,"showParticleSystems":true},"in2DMode":false,"pivot":{"x":721.926513671875,"y":115.88035583496094,"z":2377.2734375},"rotation":{"x":0.06990375369787216,"y":0.9194952249526978,"z":-0.1910983771085739,"w":0.33637329936027529},"size":195.58982849121095,"orthographic":false}