{"cameraMode":{"drawMode":0,"name":"Shaded","section":"Shading Mode"},"sceneLighting":true,"audioPlay":false,"sceneViewState":{"showFog":true,"showMaterialUpdate":false,"showSkybox":true,"showFlares":true,"showImageEffects":true,"showParticleSystems":true},"in2DMode":false,"pivot":{"x":1.2599068880081177,"y":0.7073489427566528,"z":-2.472963571548462},"rotation":{"x":-0.015288835391402245,"y":0.9838557243347168,"z":0.10368609428405762,"w":0.14507246017456056},"size":3.1438300609588625,"orthographic":false}