{"cameraMode":{"drawMode":0,"name":"Shaded","section":"Shading Mode"},"sceneLighting":true,"audioPlay":false,"sceneViewState":{"showFog":true,"showMaterialUpdate":true,"showSkybox":true,"showFlares":true,"showImageEffects":true,"showParticleSystems":true},"in2DMode":false,"pivot":{"x":236.27175903320313,"y":-109.36932373046875,"z":-59.40206527709961},"rotation":{"x":0.13181011378765107,"y":0.7723166942596436,"z":-0.17013084888458253,"w":0.5978109240531921},"size":268.6005554199219,"orthographic":false}