{"cameraMode":{"drawMode":0,"name":"Shaded","section":"Shading Mode"},"sceneLighting":true,"audioPlay":false,"sceneViewState":{"showFog":true,"showMaterialUpdate":true,"showSkybox":true,"showFlares":true,"showImageEffects":true,"showParticleSystems":true},"in2DMode":false,"pivot":{"x":16.175119400024415,"y":0.293911874294281,"z":1.5326521396636963},"rotation":{"x":0.02498328685760498,"y":0.7474161982536316,"z":-0.02795240841805935,"w":0.6634216904640198},"size":20.52136993408203,"orthographic":false}