{"cameraMode":{"drawMode":0,"name":"Shaded","section":"Shading Mode"},"sceneLighting":false,"audioPlay":false,"sceneViewState":{"showFog":true,"showMaterialUpdate":true,"showSkybox":false,"showFlares":true,"showImageEffects":true,"showParticleSystems":true},"in2DMode":false,"pivot":{"x":0.34449446201324465,"y":0.23497900366783143,"z":0.7057638168334961},"rotation":{"x":-0.23224495351314546,"y":-0.15015502274036408,"z":0.03653377294540405,"w":-0.9604164958000183},"size":1.8572453260421754,"orthographic":false}