{"cameraMode":{"drawMode":0,"name":"Shaded","section":"Shading Mode"},"sceneLighting":true,"audioPlay":false,"sceneViewState":{"showFog":true,"showMaterialUpdate":true,"showSkybox":true,"showFlares":true,"showImageEffects":true,"showParticleSystems":true},"in2DMode":false,"pivot":{"x":10.132246971130371,"y":-0.4242527484893799,"z":-1.1233421564102173},"rotation":{"x":0.1932801902294159,"y":0.616864800453186,"z":-0.15981334447860719,"w":0.7460448145866394},"size":13.04244327545166,"orthographic":false}