{"cameraMode":{"drawMode":0,"name":"Shaded","section":"Shading Mode"},"sceneLighting":true,"audioPlay":false,"sceneViewState":{"showFog":true,"showMaterialUpdate":true,"showSkybox":true,"showFlares":true,"showImageEffects":true,"showParticleSystems":true},"in2DMode":false,"pivot":{"x":2.699967384338379,"y":5.707260608673096,"z":-2.883366584777832},"rotation":{"x":-0.148095965385437,"y":-0.6627663373947144,"z":0.1360766589641571,"w":-0.7213342189788818},"size":10.45247745513916,"orthographic":false}