{"cameraMode":{"drawMode":0,"name":"Shaded","section":"Shading Mode"},"sceneLighting":true,"audioPlay":false,"sceneViewState":{"showFog":true,"showMaterialUpdate":true,"showSkybox":true,"showFlares":true,"showImageEffects":true,"showParticleSystems":true},"in2DMode":false,"pivot":{"x":-0.519911527633667,"y":5.473544120788574,"z":-4.659747123718262},"rotation":{"x":-0.0527462512254715,"y":-0.6759610176086426,"z":0.04847286269068718,"w":-0.7334811687469482},"size":6.657914161682129,"orthographic":false}