{"cameraMode":{"drawMode":0,"name":"Shaded","section":"Shading Mode"},"sceneLighting":true,"audioPlay":false,"sceneViewState":{"showFog":true,"showMaterialUpdate":true,"showSkybox":false,"showFlares":true,"showImageEffects":true,"showParticleSystems":true},"in2DMode":false,"pivot":{"x":0.45485877990722659,"y":1.436211347579956,"z":5.32576322555542},"rotation":{"x":-0.09902718663215637,"y":-0.6992605328559876,"z":0.09932586550712586,"w":-0.7012364268302918},"size":6.374505996704102,"orthographic":false}