{"cameraMode":{"drawMode":0,"name":"Shaded","section":"Shading Mode"},"sceneLighting":true,"audioPlay":false,"sceneViewState":{"showFog":true,"showMaterialUpdate":true,"showSkybox":false,"showFlares":true,"showImageEffects":true,"showParticleSystems":true},"in2DMode":false,"pivot":{"x":-0.9387518763542175,"y":-0.8168972730636597,"z":4.717893123626709},"rotation":{"x":-0.07525935769081116,"y":0.08362193405628205,"z":-0.0063827307894825939,"w":-0.993708610534668},"size":6.374505996704102,"orthographic":false}