{"cameraMode":{"drawMode":0,"name":"Shaded","section":"Shading Mode"},"sceneLighting":true,"audioPlay":false,"sceneViewState":{"showFog":true,"showMaterialUpdate":true,"showSkybox":true,"showFlares":true,"showImageEffects":true,"showParticleSystems":true},"in2DMode":false,"pivot":{"x":0.12892889976501466,"y":2.574805736541748,"z":-1.0597155094146729},"rotation":{"x":-0.013114905916154385,"y":-0.739897608757019,"z":0.014426966197788716,"w":-0.6724610924720764},"size":2.4562430381774904,"orthographic":false}