{"cameraMode":{"drawMode":0,"name":"Shaded","section":"Shading Mode"},"sceneLighting":true,"audioPlay":false,"sceneViewState":{"showFog":true,"showMaterialUpdate":true,"showSkybox":true,"showFlares":true,"showImageEffects":true,"showParticleSystems":true},"in2DMode":false,"pivot":{"x":-0.5616309642791748,"y":6.3395676612854,"z":1.6858292818069459},"rotation":{"x":0.17234912514686585,"y":0.7158174514770508,"z":-0.18978022038936616,"w":0.6498799920082092},"size":4.379841327667236,"orthographic":false}