{"cameraMode":{"drawMode":0,"name":"Shaded","section":"Shading Mode"},"sceneLighting":true,"audioPlay":false,"sceneViewState":{"showFog":true,"showMaterialUpdate":true,"showSkybox":true,"showFlares":true,"showImageEffects":true,"showParticleSystems":true},"in2DMode":false,"pivot":{"x":-16.389999389648439,"y":7.400000095367432,"z":13.039999961853028},"rotation":{"x":-0.1015850380063057,"y":-0.6957979798316956,"z":0.1009678840637207,"w":-0.7040745615959168},"size":8.810229301452637,"orthographic":false}