{"cameraMode":{"drawMode":0,"name":"Shaded","section":"Shading Mode"},"sceneLighting":true,"audioPlay":false,"sceneViewState":{"showFog":true,"showMaterialUpdate":true,"showSkybox":true,"showFlares":true,"showImageEffects":true,"showParticleSystems":true},"in2DMode":false,"pivot":{"x":33.322776794433597,"y":-12.792957305908204,"z":4.342612266540527},"rotation":{"x":-0.17639394104480744,"y":-0.6182414889335632,"z":0.14555764198303224,"w":-0.752226710319519},"size":34.68071746826172,"orthographic":false}