{"cameraMode":{"drawMode":0,"name":"Shaded","section":"Shading Mode"},"sceneLighting":true,"audioPlay":false,"sceneViewState":{"showFog":true,"showMaterialUpdate":true,"showSkybox":true,"showFlares":true,"showImageEffects":true,"showParticleSystems":true},"in2DMode":false,"pivot":{"x":34.708858489990237,"y":-6.495536804199219,"z":2.228609085083008},"rotation":{"x":-0.09885330498218537,"y":-0.6772545576095581,"z":0.09310988336801529,"w":-0.7233637571334839},"size":40.29357147216797,"orthographic":false}