{"cameraMode":{"drawMode":0,"name":"Shaded","section":"Shading Mode"},"sceneLighting":true,"audioPlay":false,"sceneViewState":{"showFog":true,"showMaterialUpdate":true,"showSkybox":true,"showFlares":true,"showImageEffects":true,"showParticleSystems":true},"in2DMode":false,"pivot":{"x":1.5551095008850098,"y":3.5098421573638918,"z":2.167710542678833},"rotation":{"x":-0.10964702069759369,"y":-0.7201598286628723,"z":0.11753193289041519,"w":-0.6753288507461548},"size":2.3848061561584474,"orthographic":false}