{"cameraMode":{"drawMode":0,"name":"Shaded","section":"Shading Mode"},"sceneLighting":true,"audioPlay":false,"sceneViewState":{"showFog":true,"showMaterialUpdate":true,"showSkybox":false,"showFlares":true,"showImageEffects":true,"showParticleSystems":true},"in2DMode":false,"pivot":{"x":26.923961639404298,"y":6.232918739318848,"z":2.430482864379883},"rotation":{"x":-0.03389744088053703,"y":-0.7592350244522095,"z":0.03966238349676132,"w":-0.6487454771995544},"size":142.87649536132813,"orthographic":false}