{"cameraMode":{"drawMode":0,"name":"Shaded","section":"Shading Mode"},"sceneLighting":true,"audioPlay":false,"sceneViewState":{"showFog":true,"showMaterialUpdate":true,"showSkybox":true,"showFlares":true,"showImageEffects":true,"showParticleSystems":true},"in2DMode":false,"pivot":{"x":-2.940096139907837,"y":3.9111194610595705,"z":0.33259475231170657},"rotation":{"x":0.10272128134965897,"y":0.7079955339431763,"z":-0.10524706542491913,"w":0.6907765865325928},"size":2.4562430381774904,"orthographic":false}