{"cameraMode":{"drawMode":0,"name":"Shaded","section":"Shading Mode"},"sceneLighting":true,"audioPlay":false,"sceneViewState":{"showFog":true,"showMaterialUpdate":true,"showSkybox":true,"showFlares":true,"showImageEffects":true,"showParticleSystems":true},"in2DMode":false,"pivot":{"x":-5.854145050048828,"y":2.5490994453430177,"z":-1.294899582862854},"rotation":{"x":0.07372968643903732,"y":0.7104020714759827,"z":-0.07576955109834671,"w":0.6961398720741272},"size":1.4848062992095948,"orthographic":false}