{"cameraMode":{"drawMode":0,"name":"Shaded","section":"Shading Mode"},"sceneLighting":true,"audioPlay":false,"sceneViewState":{"showFog":true,"showMaterialUpdate":true,"showSkybox":true,"showFlares":true,"showImageEffects":true,"showParticleSystems":true},"in2DMode":false,"pivot":{"x":19.701845169067384,"y":-10.545894622802735,"z":18.383255004882814},"rotation":{"x":-0.17892350256443025,"y":-0.3449901044368744,"z":0.06720342487096787,"w":-0.9190201163291931},"size":34.68071746826172,"orthographic":false}