{"cameraMode":{"drawMode":0,"name":"Shaded","section":"Shading Mode"},"sceneLighting":true,"audioPlay":false,"sceneViewState":{"showFog":true,"showMaterialUpdate":true,"showSkybox":true,"showFlares":true,"showImageEffects":true,"showParticleSystems":true},"in2DMode":false,"pivot":{"x":9.862868309020996,"y":-0.1338186264038086,"z":1.1436198949813843},"rotation":{"x":0.1932801902294159,"y":0.616864800453186,"z":-0.15981334447860719,"w":0.7460448145866394},"size":8.88822078704834,"orthographic":false}