{"cameraMode":{"drawMode":0,"name":"Shaded","section":"Shading Mode"},"sceneLighting":true,"audioPlay":false,"sceneViewState":{"showFog":true,"showMaterialUpdate":true,"showSkybox":true,"showFlares":true,"showImageEffects":true,"showParticleSystems":true},"in2DMode":false,"pivot":{"x":4.917348384857178,"y":1.2301039695739747,"z":0.7300441265106201},"rotation":{"x":-0.12891033291816712,"y":-0.6981879472732544,"z":0.12970739603042603,"w":-0.6922404170036316},"size":18.29937171936035,"orthographic":false}