{"cameraMode":{"drawMode":0,"name":"Shaded","section":"Shading Mode"},"sceneLighting":true,"audioPlay":false,"sceneViewState":{"showFog":true,"showMaterialUpdate":true,"showSkybox":false,"showFlares":true,"showImageEffects":true,"showParticleSystems":true},"in2DMode":false,"pivot":{"x":-1.5339469909667969,"y":3.46869158744812,"z":-4.443909168243408},"rotation":{"x":-0.1253984272480011,"y":-0.6827576160430908,"z":0.12066587805747986,"w":-0.7097861170768738},"size":5.15751314163208,"orthographic":false}