{"cameraMode":{"drawMode":0,"name":"Shaded","section":"Shading Mode"},"sceneLighting":true,"audioPlay":false,"sceneViewState":{"showFog":true,"showMaterialUpdate":true,"showSkybox":false,"showFlares":true,"showImageEffects":true,"showParticleSystems":true},"in2DMode":false,"pivot":{"x":0.6687124967575073,"y":2.5828890800476076,"z":-6.428846836090088},"rotation":{"x":-0.1791030317544937,"y":-0.6935758590698242,"z":0.18458077311515809,"w":-0.6730199456214905},"size":1.8592596054077149,"orthographic":false}