{"cameraMode":{"drawMode":0,"name":"Shaded","section":"Shading Mode"},"sceneLighting":true,"audioPlay":false,"sceneViewState":{"showFog":true,"showMaterialUpdate":true,"showSkybox":true,"showFlares":true,"showImageEffects":true,"showParticleSystems":true},"in2DMode":false,"pivot":{"x":2.9558322429656984,"y":4.526463508605957,"z":-0.8109232783317566},"rotation":{"x":-0.18256400525569917,"y":-0.5904538035392761,"z":0.13963501155376435,"w":-0.7737086415290833},"size":3.3132731914520265,"orthographic":false}