{"cameraMode":{"drawMode":0,"name":"Shaded","section":"Shading Mode"},"sceneLighting":true,"audioPlay":false,"sceneViewState":{"showFog":true,"showMaterialUpdate":true,"showSkybox":true,"showFlares":true,"showImageEffects":true,"showParticleSystems":true},"in2DMode":false,"pivot":{"x":-1.6009430885314942,"y":7.224393844604492,"z":-0.11230656504631043},"rotation":{"x":-0.14761967957019807,"y":-0.7073136568069458,"z":0.15497514605522157,"w":-0.6737307906150818},"size":5.257884502410889,"orthographic":false}