{"cameraMode":{"drawMode":0,"name":"Shaded","section":"Shading Mode"},"sceneLighting":true,"audioPlay":false,"sceneViewState":{"showFog":true,"showMaterialUpdate":true,"showSkybox":true,"showFlares":true,"showImageEffects":true,"showParticleSystems":true},"in2DMode":false,"pivot":{"x":4.670360565185547,"y":4.167840480804443,"z":0.17629900574684144},"rotation":{"x":-0.1123662069439888,"y":-0.6911279559135437,"z":0.11076046526432038,"w":-0.705713152885437},"size":3.2893240451812746,"orthographic":false}