{"cameraMode":{"drawMode":0,"name":"Shaded","section":"Shading Mode"},"sceneLighting":true,"audioPlay":false,"sceneViewState":{"showFog":true,"showMaterialUpdate":true,"showSkybox":true,"showFlares":true,"showImageEffects":true,"showParticleSystems":true},"in2DMode":false,"pivot":{"x":19.034040451049806,"y":9.865947723388672,"z":9.009622573852539},"rotation":{"x":-0.2440803050994873,"y":-0.6001059412956238,"z":0.19921249151229859,"w":-0.7357625365257263},"size":39.13254928588867,"orthographic":false}