{"cameraMode":{"drawMode":0,"name":"Shaded","section":"Shading Mode"},"sceneLighting":true,"audioPlay":false,"sceneViewState":{"showFog":true,"showMaterialUpdate":true,"showSkybox":true,"showFlares":true,"showImageEffects":true,"showParticleSystems":true},"in2DMode":false,"pivot":{"x":-1.217132568359375,"y":2.585387945175171,"z":4.109328269958496},"rotation":{"x":-0.03389744088053703,"y":-0.7592350244522095,"z":0.03966238349676132,"w":-0.6487454771995544},"size":5.257884502410889,"orthographic":false}