{"cameraMode":{"drawMode":0,"name":"Shaded","section":"Shading Mode"},"sceneLighting":true,"audioPlay":false,"sceneViewState":{"showFog":true,"showMaterialUpdate":true,"showSkybox":true,"showFlares":true,"showImageEffects":true,"showParticleSystems":true},"in2DMode":false,"pivot":{"x":-3.9828343391418459,"y":2.511528968811035,"z":3.2182018756866457},"rotation":{"x":-0.09418120980262757,"y":-0.7272602915763855,"z":0.10188955068588257,"w":-0.6722136735916138},"size":5.257884502410889,"orthographic":false}